name,description,external_url,background_color,youtube_url,custom_index
0 Name,0 Description,https://thirdweb.com,,,0
1 Name,1 Description,https://thirdweb.com,,,1
2 Name,2 Description,https://thirdweb.com,,,2
3 Name,3 Description,https://thirdweb.com,,,3
4 Name,4 Description,https://thirdweb.com,,,4
5 Name,5 Description,https://thirdweb.com,,,5
6 Name,6 Description,https://thirdweb.com,,,6
7 Name,7 Description,https://thirdweb.com,,,7
8 Name,8 Description,https://thirdweb.com,,,8
9 Name,9 Description,https://thirdweb.com,,,9
10 Name,10 Description,https://thirdweb.com,,,10
11 Name,11 Description,https://thirdweb.com,,,11
12 Name,12 Description,https://thirdweb.com,,,12
13 Name,13 Description,https://thirdweb.com,,,13
14 Name,14 Description,https://thirdweb.com,,,14
15 Name,15 Description,https://thirdweb.com,,,15
16 Name,16 Description,https://thirdweb.com,,,16
17 Name,17 Description,https://thirdweb.com,,,17
18 Name,18 Description,https://thirdweb.com,,,18
19 Name,19 Description,https://thirdweb.com,,,19
20 Name,20 Description,https://thirdweb.com,,,20
21 Name,21 Description,https://thirdweb.com,,,21
22 Name,22 Description,https://thirdweb.com,,,22
23 Name,23 Description,https://thirdweb.com,,,23
24 Name,24 Description,https://thirdweb.com,,,24
25 Name,25 Description,https://thirdweb.com,,,25
26 Name,26 Description,https://thirdweb.com,,,26
27 Name,27 Description,https://thirdweb.com,,,27
28 Name,28 Description,https://thirdweb.com,,,28
29 Name,29 Description,https://thirdweb.com,,,29
30 Name,30 Description,https://thirdweb.com,,,30
31 Name,31 Description,https://thirdweb.com,,,31
32 Name,32 Description,https://thirdweb.com,,,32
33 Name,33 Description,https://thirdweb.com,,,33
34 Name,34 Description,https://thirdweb.com,,,34
35 Name,35 Description,https://thirdweb.com,,,35
36 Name,36 Description,https://thirdweb.com,,,36
37 Name,37 Description,https://thirdweb.com,,,37
38 Name,38 Description,https://thirdweb.com,,,38
39 Name,39 Description,https://thirdweb.com,,,39
40 Name,40 Description,https://thirdweb.com,,,40
41 Name,41 Description,https://thirdweb.com,,,41
42 Name,42 Description,https://thirdweb.com,,,42
43 Name,43 Description,https://thirdweb.com,,,43
44 Name,44 Description,https://thirdweb.com,,,44
45 Name,45 Description,https://thirdweb.com,,,45
46 Name,46 Description,https://thirdweb.com,,,46
47 Name,47 Description,https://thirdweb.com,,,47
48 Name,48 Description,https://thirdweb.com,,,48
49 Name,49 Description,https://thirdweb.com,,,49
50 Name,50 Description,https://thirdweb.com,,,50
51 Name,51 Description,https://thirdweb.com,,,51
52 Name,52 Description,https://thirdweb.com,,,52
53 Name,53 Description,https://thirdweb.com,,,53
54 Name,54 Description,https://thirdweb.com,,,54
55 Name,55 Description,https://thirdweb.com,,,55
56 Name,56 Description,https://thirdweb.com,,,56
57 Name,57 Description,https://thirdweb.com,,,57
58 Name,58 Description,https://thirdweb.com,,,58
59 Name,59 Description,https://thirdweb.com,,,59
60 Name,60 Description,https://thirdweb.com,,,60
61 Name,61 Description,https://thirdweb.com,,,61
62 Name,62 Description,https://thirdweb.com,,,62
63 Name,63 Description,https://thirdweb.com,,,63
64 Name,64 Description,https://thirdweb.com,,,64
65 Name,65 Description,https://thirdweb.com,,,65
66 Name,66 Description,https://thirdweb.com,,,66
67 Name,67 Description,https://thirdweb.com,,,67
68 Name,68 Description,https://thirdweb.com,,,68
69 Name,69 Description,https://thirdweb.com,,,69
70 Name,70 Description,https://thirdweb.com,,,70
71 Name,71 Description,https://thirdweb.com,,,71
72 Name,72 Description,https://thirdweb.com,,,72
73 Name,73 Description,https://thirdweb.com,,,73
74 Name,74 Description,https://thirdweb.com,,,74
75 Name,75 Description,https://thirdweb.com,,,75
76 Name,76 Description,https://thirdweb.com,,,76
77 Name,77 Description,https://thirdweb.com,,,77
78 Name,78 Description,https://thirdweb.com,,,78
79 Name,79 Description,https://thirdweb.com,,,79
80 Name,80 Description,https://thirdweb.com,,,80
81 Name,81 Description,https://thirdweb.com,,,81
82 Name,82 Description,https://thirdweb.com,,,82
83 Name,83 Description,https://thirdweb.com,,,83
84 Name,84 Description,https://thirdweb.com,,,84
85 Name,85 Description,https://thirdweb.com,,,85
86 Name,86 Description,https://thirdweb.com,,,86
87 Name,87 Description,https://thirdweb.com,,,87
88 Name,88 Description,https://thirdweb.com,,,88
89 Name,89 Description,https://thirdweb.com,,,89
90 Name,90 Description,https://thirdweb.com,,,90
91 Name,91 Description,https://thirdweb.com,,,91
92 Name,92 Description,https://thirdweb.com,,,92
93 Name,93 Description,https://thirdweb.com,,,93
94 Name,94 Description,https://thirdweb.com,,,94
95 Name,95 Description,https://thirdweb.com,,,95
96 Name,96 Description,https://thirdweb.com,,,96
97 Name,97 Description,https://thirdweb.com,,,97
98 Name,98 Description,https://thirdweb.com,,,98
99 Name,99 Description,https://thirdweb.com,,,99